--
-- PostgreSQL database dump
--

-- Dumped from database version 16.4 (Postgres.app)
-- Dumped by pg_dump version 16.4 (Postgres.app)

SET statement_timeout = 0;
SET lock_timeout = 0;
SET idle_in_transaction_session_timeout = 0;
SET client_encoding = 'UTF8';
SET standard_conforming_strings = on;
SELECT pg_catalog.set_config('search_path', '', false);
SET check_function_bodies = false;
SET xmloption = content;
SET client_min_messages = warning;
SET row_security = off;

SET default_tablespace = '';

SET default_table_access_method = heap;

--
-- Name: auth_group; Type: TABLE; Schema: public; Owner: postgres
--

CREATE TABLE public.auth_group (
    id integer NOT NULL,
    name character varying(150) NOT NULL
);


ALTER TABLE public.auth_group OWNER TO postgres;

--
-- Name: auth_group_id_seq; Type: SEQUENCE; Schema: public; Owner: postgres
--

ALTER TABLE public.auth_group ALTER COLUMN id ADD GENERATED BY DEFAULT AS IDENTITY (
    SEQUENCE NAME public.auth_group_id_seq
    START WITH 1
    INCREMENT BY 1
    NO MINVALUE
    NO MAXVALUE
    CACHE 1
);


--
-- Name: auth_group_permissions; Type: TABLE; Schema: public; Owner: postgres
--

CREATE TABLE public.auth_group_permissions (
    id bigint NOT NULL,
    group_id integer NOT NULL,
    permission_id integer NOT NULL
);


ALTER TABLE public.auth_group_permissions OWNER TO postgres;

--
-- Name: auth_group_permissions_id_seq; Type: SEQUENCE; Schema: public; Owner: postgres
--

ALTER TABLE public.auth_group_permissions ALTER COLUMN id ADD GENERATED BY DEFAULT AS IDENTITY (
    SEQUENCE NAME public.auth_group_permissions_id_seq
    START WITH 1
    INCREMENT BY 1
    NO MINVALUE
    NO MAXVALUE
    CACHE 1
);


--
-- Name: auth_permission; Type: TABLE; Schema: public; Owner: postgres
--

CREATE TABLE public.auth_permission (
    id integer NOT NULL,
    name character varying(255) NOT NULL,
    content_type_id integer NOT NULL,
    codename character varying(100) NOT NULL
);


ALTER TABLE public.auth_permission OWNER TO postgres;

--
-- Name: auth_permission_id_seq; Type: SEQUENCE; Schema: public; Owner: postgres
--

ALTER TABLE public.auth_permission ALTER COLUMN id ADD GENERATED BY DEFAULT AS IDENTITY (
    SEQUENCE NAME public.auth_permission_id_seq
    START WITH 1
    INCREMENT BY 1
    NO MINVALUE
    NO MAXVALUE
    CACHE 1
);


--
-- Name: auth_user; Type: TABLE; Schema: public; Owner: postgres
--

CREATE TABLE public.auth_user (
    id integer NOT NULL,
    password character varying(128) NOT NULL,
    last_login timestamp with time zone,
    is_superuser boolean NOT NULL,
    username character varying(150) NOT NULL,
    first_name character varying(150) NOT NULL,
    last_name character varying(150) NOT NULL,
    email character varying(254) NOT NULL,
    is_staff boolean NOT NULL,
    is_active boolean NOT NULL,
    date_joined timestamp with time zone NOT NULL
);


ALTER TABLE public.auth_user OWNER TO postgres;

--
-- Name: auth_user_groups; Type: TABLE; Schema: public; Owner: postgres
--

CREATE TABLE public.auth_user_groups (
    id bigint NOT NULL,
    user_id integer NOT NULL,
    group_id integer NOT NULL
);


ALTER TABLE public.auth_user_groups OWNER TO postgres;

--
-- Name: auth_user_groups_id_seq; Type: SEQUENCE; Schema: public; Owner: postgres
--

ALTER TABLE public.auth_user_groups ALTER COLUMN id ADD GENERATED BY DEFAULT AS IDENTITY (
    SEQUENCE NAME public.auth_user_groups_id_seq
    START WITH 1
    INCREMENT BY 1
    NO MINVALUE
    NO MAXVALUE
    CACHE 1
);


--
-- Name: auth_user_id_seq; Type: SEQUENCE; Schema: public; Owner: postgres
--

ALTER TABLE public.auth_user ALTER COLUMN id ADD GENERATED BY DEFAULT AS IDENTITY (
    SEQUENCE NAME public.auth_user_id_seq
    START WITH 1
    INCREMENT BY 1
    NO MINVALUE
    NO MAXVALUE
    CACHE 1
);


--
-- Name: auth_user_user_permissions; Type: TABLE; Schema: public; Owner: postgres
--

CREATE TABLE public.auth_user_user_permissions (
    id bigint NOT NULL,
    user_id integer NOT NULL,
    permission_id integer NOT NULL
);


ALTER TABLE public.auth_user_user_permissions OWNER TO postgres;

--
-- Name: auth_user_user_permissions_id_seq; Type: SEQUENCE; Schema: public; Owner: postgres
--

ALTER TABLE public.auth_user_user_permissions ALTER COLUMN id ADD GENERATED BY DEFAULT AS IDENTITY (
    SEQUENCE NAME public.auth_user_user_permissions_id_seq
    START WITH 1
    INCREMENT BY 1
    NO MINVALUE
    NO MAXVALUE
    CACHE 1
);


--
-- Name: django_admin_log; Type: TABLE; Schema: public; Owner: postgres
--

CREATE TABLE public.django_admin_log (
    id integer NOT NULL,
    action_time timestamp with time zone NOT NULL,
    object_id text,
    object_repr character varying(200) NOT NULL,
    action_flag smallint NOT NULL,
    change_message text NOT NULL,
    content_type_id integer,
    user_id integer NOT NULL,
    CONSTRAINT django_admin_log_action_flag_check CHECK ((action_flag >= 0))
);


ALTER TABLE public.django_admin_log OWNER TO postgres;

--
-- Name: django_admin_log_id_seq; Type: SEQUENCE; Schema: public; Owner: postgres
--

ALTER TABLE public.django_admin_log ALTER COLUMN id ADD GENERATED BY DEFAULT AS IDENTITY (
    SEQUENCE NAME public.django_admin_log_id_seq
    START WITH 1
    INCREMENT BY 1
    NO MINVALUE
    NO MAXVALUE
    CACHE 1
);


--
-- Name: django_content_type; Type: TABLE; Schema: public; Owner: postgres
--

CREATE TABLE public.django_content_type (
    id integer NOT NULL,
    app_label character varying(100) NOT NULL,
    model character varying(100) NOT NULL
);


ALTER TABLE public.django_content_type OWNER TO postgres;

--
-- Name: django_content_type_id_seq; Type: SEQUENCE; Schema: public; Owner: postgres
--

ALTER TABLE public.django_content_type ALTER COLUMN id ADD GENERATED BY DEFAULT AS IDENTITY (
    SEQUENCE NAME public.django_content_type_id_seq
    START WITH 1
    INCREMENT BY 1
    NO MINVALUE
    NO MAXVALUE
    CACHE 1
);


--
-- Name: django_migrations; Type: TABLE; Schema: public; Owner: postgres
--

CREATE TABLE public.django_migrations (
    id bigint NOT NULL,
    app character varying(255) NOT NULL,
    name character varying(255) NOT NULL,
    applied timestamp with time zone NOT NULL
);


ALTER TABLE public.django_migrations OWNER TO postgres;

--
-- Name: django_migrations_id_seq; Type: SEQUENCE; Schema: public; Owner: postgres
--

ALTER TABLE public.django_migrations ALTER COLUMN id ADD GENERATED BY DEFAULT AS IDENTITY (
    SEQUENCE NAME public.django_migrations_id_seq
    START WITH 1
    INCREMENT BY 1
    NO MINVALUE
    NO MAXVALUE
    CACHE 1
);


--
-- Name: django_session; Type: TABLE; Schema: public; Owner: postgres
--

CREATE TABLE public.django_session (
    session_key character varying(40) NOT NULL,
    session_data text NOT NULL,
    expire_date timestamp with time zone NOT NULL
);


ALTER TABLE public.django_session OWNER TO postgres;

--
-- Name: trivia_app_categoria; Type: TABLE; Schema: public; Owner: postgres
--

CREATE TABLE public.trivia_app_categoria (
    id bigint NOT NULL,
    nombre character varying(255) NOT NULL
);


ALTER TABLE public.trivia_app_categoria OWNER TO postgres;

--
-- Name: trivia_app_categoria_id_seq; Type: SEQUENCE; Schema: public; Owner: postgres
--

ALTER TABLE public.trivia_app_categoria ALTER COLUMN id ADD GENERATED BY DEFAULT AS IDENTITY (
    SEQUENCE NAME public.trivia_app_categoria_id_seq
    START WITH 1
    INCREMENT BY 1
    NO MINVALUE
    NO MAXVALUE
    CACHE 1
);


--
-- Name: trivia_app_juego; Type: TABLE; Schema: public; Owner: postgres
--

CREATE TABLE public.trivia_app_juego (
    id bigint NOT NULL,
    puntaje integer NOT NULL,
    fecha date NOT NULL,
    usuario_id integer NOT NULL
);


ALTER TABLE public.trivia_app_juego OWNER TO postgres;

--
-- Name: trivia_app_juego_id_seq; Type: SEQUENCE; Schema: public; Owner: postgres
--

ALTER TABLE public.trivia_app_juego ALTER COLUMN id ADD GENERATED BY DEFAULT AS IDENTITY (
    SEQUENCE NAME public.trivia_app_juego_id_seq
    START WITH 1
    INCREMENT BY 1
    NO MINVALUE
    NO MAXVALUE
    CACHE 1
);


--
-- Name: trivia_app_like; Type: TABLE; Schema: public; Owner: postgres
--

CREATE TABLE public.trivia_app_like (
    id bigint NOT NULL,
    juego_id bigint NOT NULL,
    usuario_id integer NOT NULL
);


ALTER TABLE public.trivia_app_like OWNER TO postgres;

--
-- Name: trivia_app_like_id_seq; Type: SEQUENCE; Schema: public; Owner: postgres
--

ALTER TABLE public.trivia_app_like ALTER COLUMN id ADD GENERATED BY DEFAULT AS IDENTITY (
    SEQUENCE NAME public.trivia_app_like_id_seq
    START WITH 1
    INCREMENT BY 1
    NO MINVALUE
    NO MAXVALUE
    CACHE 1
);


--
-- Name: trivia_app_pregunta; Type: TABLE; Schema: public; Owner: postgres
--

CREATE TABLE public.trivia_app_pregunta (
    id bigint NOT NULL,
    texto text NOT NULL,
    resp_correcta character varying(255) NOT NULL,
    resp_incorrecta1 character varying(255) NOT NULL,
    resp_incorrecta2 character varying(255) NOT NULL,
    resp_incorrecta3 character varying(255) NOT NULL,
    categoria_id bigint NOT NULL
);


ALTER TABLE public.trivia_app_pregunta OWNER TO postgres;

--
-- Name: trivia_app_pregunta_id_seq; Type: SEQUENCE; Schema: public; Owner: postgres
--

ALTER TABLE public.trivia_app_pregunta ALTER COLUMN id ADD GENERATED BY DEFAULT AS IDENTITY (
    SEQUENCE NAME public.trivia_app_pregunta_id_seq
    START WITH 1
    INCREMENT BY 1
    NO MINVALUE
    NO MAXVALUE
    CACHE 1
);


--
-- Data for Name: auth_group; Type: TABLE DATA; Schema: public; Owner: postgres
--

COPY public.auth_group (id, name) FROM stdin;
\.


--
-- Data for Name: auth_group_permissions; Type: TABLE DATA; Schema: public; Owner: postgres
--

COPY public.auth_group_permissions (id, group_id, permission_id) FROM stdin;
\.


--
-- Data for Name: auth_permission; Type: TABLE DATA; Schema: public; Owner: postgres
--

COPY public.auth_permission (id, name, content_type_id, codename) FROM stdin;
1	Can add log entry	1	add_logentry
2	Can change log entry	1	change_logentry
3	Can delete log entry	1	delete_logentry
4	Can view log entry	1	view_logentry
5	Can add permission	2	add_permission
6	Can change permission	2	change_permission
7	Can delete permission	2	delete_permission
8	Can view permission	2	view_permission
9	Can add group	3	add_group
10	Can change group	3	change_group
11	Can delete group	3	delete_group
12	Can view group	3	view_group
13	Can add user	4	add_user
14	Can change user	4	change_user
15	Can delete user	4	delete_user
16	Can view user	4	view_user
17	Can add content type	5	add_contenttype
18	Can change content type	5	change_contenttype
19	Can delete content type	5	delete_contenttype
20	Can view content type	5	view_contenttype
21	Can add session	6	add_session
22	Can change session	6	change_session
23	Can delete session	6	delete_session
24	Can view session	6	view_session
25	Can add categoria	7	add_categoria
26	Can change categoria	7	change_categoria
27	Can delete categoria	7	delete_categoria
28	Can view categoria	7	view_categoria
29	Can add juego	8	add_juego
30	Can change juego	8	change_juego
31	Can delete juego	8	delete_juego
32	Can view juego	8	view_juego
33	Can add pregunta	9	add_pregunta
34	Can change pregunta	9	change_pregunta
35	Can delete pregunta	9	delete_pregunta
36	Can view pregunta	9	view_pregunta
37	Can add like	10	add_like
38	Can change like	10	change_like
39	Can delete like	10	delete_like
40	Can view like	10	view_like
\.


--
-- Data for Name: auth_user; Type: TABLE DATA; Schema: public; Owner: postgres
--

COPY public.auth_user (id, password, last_login, is_superuser, username, first_name, last_name, email, is_staff, is_active, date_joined) FROM stdin;
4	pbkdf2_sha256$870000$9ECstRosxbPYVcwy92hC6X$kOPHdG+EN58lk9Ut2P+PZCk5bDDIWkNxX6mrOg2AgHs=	2024-09-03 05:33:53.686873-04	f	pedro			pedro@gmail.com	f	t	2024-09-03 02:18:32.013975-04
3	pbkdf2_sha256$870000$PaWIzNqt14uSLUd0SzSish$EYs7k+BPV4r0SAEog9l7gCHR/ovKA4PdsRfO3UvnSkc=	2024-09-03 05:36:09.259258-04	f	oliver				f	t	2024-09-03 00:40:51.345253-04
6	pbkdf2_sha256$870000$KIsQOzjFMZuFGm4mssoDIo$hXVaBsrWbQBgoPVqFxsL9iN+UfRGHidPJsB2nYyLsww=	2024-09-03 05:50:07.8124-04	f	mabel			mabel@gmail.com	f	t	2024-09-03 05:47:40.934595-04
2	pbkdf2_sha256$870000$bnkc9siIAjLgq2jkIFlkc7$mycV3uBze/EWLa/IjA3IgzTadLLjDjxD6CU+fL3ZV8Q=	2024-09-03 06:25:14.462967-04	f	marcio				f	t	2024-09-02 22:57:42.052357-04
1	pbkdf2_sha256$870000$i8eYh9qlxGNvLKvqA2UNYu$sWGflhWTB4AlFh4uHEMckUvkK0hLa9BWkpmMQripJwA=	2024-09-03 06:28:49.616933-04	t	admin			contacto@apachefix.com	t	t	2024-09-02 20:27:52.855972-04
5	pbkdf2_sha256$870000$IikdVb02UiQUAs5kC5SXNE$QgSPkM/LvTy7efG/ib8LG2etjQOVv6RQriWG54jwMsc=	2024-09-03 06:33:31.280404-04	f	julian			julian@gmail.com	f	t	2024-09-03 02:34:29.683424-04
\.


--
-- Data for Name: auth_user_groups; Type: TABLE DATA; Schema: public; Owner: postgres
--

COPY public.auth_user_groups (id, user_id, group_id) FROM stdin;
\.


--
-- Data for Name: auth_user_user_permissions; Type: TABLE DATA; Schema: public; Owner: postgres
--

COPY public.auth_user_user_permissions (id, user_id, permission_id) FROM stdin;
\.


--
-- Data for Name: django_admin_log; Type: TABLE DATA; Schema: public; Owner: postgres
--

COPY public.django_admin_log (id, action_time, object_id, object_repr, action_flag, change_message, content_type_id, user_id) FROM stdin;
1	2024-09-02 23:33:28.916135-04	2	marcio - 0 puntos	3		8	1
2	2024-09-02 23:52:25.585051-04	5	admin - 0 puntos	3		8	1
3	2024-09-02 23:52:25.585162-04	4	admin - 0 puntos	3		8	1
4	2024-09-02 23:52:25.58523-04	3	admin - 0 puntos	3		8	1
5	2024-09-02 23:52:25.585276-04	1	marcio - 0 puntos	3		8	1
6	2024-09-03 00:52:06.464726-04	9	Anime	1	[{"added": {}}]	7	1
\.


--
-- Data for Name: django_content_type; Type: TABLE DATA; Schema: public; Owner: postgres
--

COPY public.django_content_type (id, app_label, model) FROM stdin;
1	admin	logentry
2	auth	permission
3	auth	group
4	auth	user
5	contenttypes	contenttype
6	sessions	session
7	trivia_app	categoria
8	trivia_app	juego
9	trivia_app	pregunta
10	trivia_app	like
\.


--
-- Data for Name: django_migrations; Type: TABLE DATA; Schema: public; Owner: postgres
--

COPY public.django_migrations (id, app, name, applied) FROM stdin;
1	contenttypes	0001_initial	2024-09-02 20:27:15.350768-04
2	auth	0001_initial	2024-09-02 20:27:15.749711-04
3	admin	0001_initial	2024-09-02 20:27:15.788879-04
4	admin	0002_logentry_remove_auto_add	2024-09-02 20:27:15.81461-04
5	admin	0003_logentry_add_action_flag_choices	2024-09-02 20:27:15.835079-04
6	contenttypes	0002_remove_content_type_name	2024-09-02 20:27:15.91007-04
7	auth	0002_alter_permission_name_max_length	2024-09-02 20:27:15.919795-04
8	auth	0003_alter_user_email_max_length	2024-09-02 20:27:15.930265-04
9	auth	0004_alter_user_username_opts	2024-09-02 20:27:15.939352-04
10	auth	0005_alter_user_last_login_null	2024-09-02 20:27:15.94979-04
11	auth	0006_require_contenttypes_0002	2024-09-02 20:27:15.951305-04
12	auth	0007_alter_validators_add_error_messages	2024-09-02 20:27:15.962788-04
13	auth	0008_alter_user_username_max_length	2024-09-02 20:27:15.982719-04
14	auth	0009_alter_user_last_name_max_length	2024-09-02 20:27:16.007475-04
15	auth	0010_alter_group_name_max_length	2024-09-02 20:27:16.046409-04
16	auth	0011_update_proxy_permissions	2024-09-02 20:27:16.078695-04
17	auth	0012_alter_user_first_name_max_length	2024-09-02 20:27:16.108912-04
18	sessions	0001_initial	2024-09-02 20:27:16.124244-04
19	trivia_app	0001_initial	2024-09-02 20:27:16.344035-04
\.


--
-- Data for Name: django_session; Type: TABLE DATA; Schema: public; Owner: postgres
--

COPY public.django_session (session_key, session_data, expire_date) FROM stdin;
ywfp4xx2pbd6jx03bnx61tu511fzzqau	.eJxVjEEOwiAQRe_C2pDCUKQu3XsGMjMMUjU0Ke3KeHfbpAvd_vfef6uI61Li2mSOY1IXZdTpdyPkp9QdpAfW-6R5qss8kt4VfdCmb1OS1_Vw_w4KtrLV7Iczh8EHa5PNgFkMGOrYkRfgJCYIY-4hA0MmYumJvQvY-U0ndOrzBQJZOUg:1slI6F:eKyy5Xw7EkSaiGP-aE4c9_HgfW6Me52SLqHPk-d4lDE	2024-09-16 22:12:51.974503-03
so0d2iz0gp1cmqxy52zyjoyng37iiw1a	.eJxVjEEOwiAQRe_C2hAGyhRcuvcMhGGoVA0kpV0Z765NutDtf-_9lwhxW0vYel7CzOIsrDj9bhTTI9cd8D3WW5Op1XWZSe6KPGiX18b5eTncv4MSe_nWoK1zYBVZJATWE-pEjswwTIm8N5gZssnOKELH1oNyhDwmHXn0DCzeH8vhN6w:1slQr2:Qhfwcw-k_-V_Kqk1i4c75fp_Vta1YlQHs-DWFiJmBNI	2024-09-17 07:33:44.892004-03
ougjit0fml3twc4zrqn6yh6a8tzs3fw6	.eJxVjEEOwiAQRe_C2hCgRcCle89AZmBGqgaS0q6Md7dNutDtf-_9t4iwLiWuneY4ZXERozj9bgjpSXUH-QH13mRqdZknlLsiD9rlrWV6XQ_376BAL1uNaSAbzoABadAKPRvm7Gj0nBh8QDbJsHbK0aBCCpugKVsH3gRrnRGfLxijOLE:1slMuA:bqGct6Fh-9ZJaS6mJt3Aze6JugAFwumlulNRVKq7iKk	2024-09-17 03:20:42.321192-03
wzihrv7gqzsfvh1hbsgrt25az5ev1ww1	.eJxVjEEOwiAQRe_C2pDCUKQu3XsGMjMMUjU0Ke3KeHfbpAvd_vfef6uI61Li2mSOY1IXZdTpdyPkp9QdpAfW-6R5qss8kt4VfdCmb1OS1_Vw_w4KtrLV7Iczh8EHa5PNgFkMGOrYkRfgJCYIY-4hA0MmYumJvQvY-U0ndOrzBQJZOUg:1slL69:bYfnLuIZVWLQAy-rvd1xHG7IF86vbwAWARSGKP34wnc	2024-09-17 01:24:57.338509-03
\.


--
-- Data for Name: trivia_app_categoria; Type: TABLE DATA; Schema: public; Owner: postgres
--

COPY public.trivia_app_categoria (id, nombre) FROM stdin;
1	Geografía
2	Historia
3	Ciencia
4	Arte
5	Cultura Pop
6	Deportes
7	Literatura
8	Música
9	Anime
\.


--
-- Data for Name: trivia_app_juego; Type: TABLE DATA; Schema: public; Owner: postgres
--

COPY public.trivia_app_juego (id, puntaje, fecha, usuario_id) FROM stdin;
6	3	2024-09-03	2
7	0	2024-09-03	2
8	0	2024-09-03	2
9	1	2024-09-03	3
10	4	2024-09-03	3
11	3	2024-09-03	2
12	4	2024-09-03	2
13	4	2024-09-03	1
14	4	2024-09-03	4
15	2	2024-09-03	5
16	4	2024-09-03	4
17	0	2024-09-03	4
18	4	2024-09-03	6
19	4	2024-09-03	6
20	4	2024-09-03	5
21	2	2024-09-03	5
\.


--
-- Data for Name: trivia_app_like; Type: TABLE DATA; Schema: public; Owner: postgres
--

COPY public.trivia_app_like (id, juego_id, usuario_id) FROM stdin;
3	7	3
4	9	3
5	12	2
6	10	2
7	10	3
8	14	3
9	13	3
10	14	4
11	16	4
12	12	6
13	10	5
14	16	5
\.


--
-- Data for Name: trivia_app_pregunta; Type: TABLE DATA; Schema: public; Owner: postgres
--

COPY public.trivia_app_pregunta (id, texto, resp_correcta, resp_incorrecta1, resp_incorrecta2, resp_incorrecta3, categoria_id) FROM stdin;
1	¿Cómo se llamaba Istanbul antes de 1923?	Constantinopla	Ishmir	Ataturk	Alejandría	1
2	¿Cuál es el país más pequeño?	Vaticano	Mónaco	Uruguay	Andorra	1
3	¿Que artista pintó el techo de la Capilla sixtina?	Miguel Angel	Leonardo	Donatello	Splinter	4
4	¿Cuál es la serie de libros más vendidos en el siglo XX1?	Harry Potter	Crepúsculo	La divina comedia	Gone Girl	4
5	¿De dónde son originarios los Beatles?	Liverlpool	York	Leads	New York	5
6	¿Cuál es la canción más reproducida en Spotify?	Blinding Lights	Shape of You	Bones	Señorita	5
7	¿En qué año se estrenó la primera película de "Harry Potter"?	2001	1999	2003	2005	5
9	¿Cuál es el nombre del miembro más joven de la banda The Beatles?	George Harrison	Ringo Starr	Paul McCartney	John Lennon	5
10	¿Cuál es el desierto más grande del mundo?	Desierto del Sahara	Desierto de Gobi	Desierto de Atacama	Desierto de Kalahari	1
11	¿Cuál es la capital de Canadá?	Ottawa	Toronto	Vancouver	Montreal	1
12	¿En qué año comenzó la Primera Guerra Mundial?	1914	1912	1915	1918	2
14	¿Cuál de las siguientes civilizaciones construyó las pirámides de Giza?	Los antiguos egipcios	Los mayas	Los romanos	Los persas	2
15	¿Quién fue el primer presidente de los Estados Unidos?	George Washington	Abraham Lincoln	Thomas Jefferson	John Adams	2
16	¿En qué año cayó el Muro de Berlín	1989	1985	1990	2001	2
17	¿Cuál es el elemento más abundante en la atmósfera de la Tierra?	Nitrógeno	Oxígeno	Hidrógeno	Carbono	3
18	¿Cuál es la unidad básica de la vida?	Célula	Átomo	Molécula	Tejido	3
19	¿Qué planeta del sistema solar es conocido como el "Planeta Rojo"?	Marte	Sol	Júpiter	Saturno	3
20	¿Cuál es la fórmula química del agua?	H₂O	CO₂	H₂	O₂	3
22	¿Cuál de las siguientes bandas británicas lanzó el álbum "The Dark Side of the Moon" en 1973?	Pink Floyd	The Beatles	Led Zeppelin	Queen	8
23	¿Cuál de los siguientes artistas es conocido como "El Rey del Rock and Roll"?	Elvis Presley	Michael Jackson	Freddie Mercury	Bob Dylan	8
\.


--
-- Name: auth_group_id_seq; Type: SEQUENCE SET; Schema: public; Owner: postgres
--

SELECT pg_catalog.setval('public.auth_group_id_seq', 1, false);


--
-- Name: auth_group_permissions_id_seq; Type: SEQUENCE SET; Schema: public; Owner: postgres
--

SELECT pg_catalog.setval('public.auth_group_permissions_id_seq', 1, false);


--
-- Name: auth_permission_id_seq; Type: SEQUENCE SET; Schema: public; Owner: postgres
--

SELECT pg_catalog.setval('public.auth_permission_id_seq', 40, true);


--
-- Name: auth_user_groups_id_seq; Type: SEQUENCE SET; Schema: public; Owner: postgres
--

SELECT pg_catalog.setval('public.auth_user_groups_id_seq', 1, false);


--
-- Name: auth_user_id_seq; Type: SEQUENCE SET; Schema: public; Owner: postgres
--

SELECT pg_catalog.setval('public.auth_user_id_seq', 6, true);


--
-- Name: auth_user_user_permissions_id_seq; Type: SEQUENCE SET; Schema: public; Owner: postgres
--

SELECT pg_catalog.setval('public.auth_user_user_permissions_id_seq', 1, false);


--
-- Name: django_admin_log_id_seq; Type: SEQUENCE SET; Schema: public; Owner: postgres
--

SELECT pg_catalog.setval('public.django_admin_log_id_seq', 6, true);


--
-- Name: django_content_type_id_seq; Type: SEQUENCE SET; Schema: public; Owner: postgres
--

SELECT pg_catalog.setval('public.django_content_type_id_seq', 10, true);


--
-- Name: django_migrations_id_seq; Type: SEQUENCE SET; Schema: public; Owner: postgres
--

SELECT pg_catalog.setval('public.django_migrations_id_seq', 19, true);


--
-- Name: trivia_app_categoria_id_seq; Type: SEQUENCE SET; Schema: public; Owner: postgres
--

SELECT pg_catalog.setval('public.trivia_app_categoria_id_seq', 9, true);


--
-- Name: trivia_app_juego_id_seq; Type: SEQUENCE SET; Schema: public; Owner: postgres
--

SELECT pg_catalog.setval('public.trivia_app_juego_id_seq', 21, true);


--
-- Name: trivia_app_like_id_seq; Type: SEQUENCE SET; Schema: public; Owner: postgres
--

SELECT pg_catalog.setval('public.trivia_app_like_id_seq', 14, true);


--
-- Name: trivia_app_pregunta_id_seq; Type: SEQUENCE SET; Schema: public; Owner: postgres
--

SELECT pg_catalog.setval('public.trivia_app_pregunta_id_seq', 23, true);


--
-- Name: auth_group auth_group_name_key; Type: CONSTRAINT; Schema: public; Owner: postgres
--

ALTER TABLE ONLY public.auth_group
    ADD CONSTRAINT auth_group_name_key UNIQUE (name);


--
-- Name: auth_group_permissions auth_group_permissions_group_id_permission_id_0cd325b0_uniq; Type: CONSTRAINT; Schema: public; Owner: postgres
--

ALTER TABLE ONLY public.auth_group_permissions
    ADD CONSTRAINT auth_group_permissions_group_id_permission_id_0cd325b0_uniq UNIQUE (group_id, permission_id);


--
-- Name: auth_group_permissions auth_group_permissions_pkey; Type: CONSTRAINT; Schema: public; Owner: postgres
--

ALTER TABLE ONLY public.auth_group_permissions
    ADD CONSTRAINT auth_group_permissions_pkey PRIMARY KEY (id);


--
-- Name: auth_group auth_group_pkey; Type: CONSTRAINT; Schema: public; Owner: postgres
--

ALTER TABLE ONLY public.auth_group
    ADD CONSTRAINT auth_group_pkey PRIMARY KEY (id);


--
-- Name: auth_permission auth_permission_content_type_id_codename_01ab375a_uniq; Type: CONSTRAINT; Schema: public; Owner: postgres
--

ALTER TABLE ONLY public.auth_permission
    ADD CONSTRAINT auth_permission_content_type_id_codename_01ab375a_uniq UNIQUE (content_type_id, codename);


--
-- Name: auth_permission auth_permission_pkey; Type: CONSTRAINT; Schema: public; Owner: postgres
--

ALTER TABLE ONLY public.auth_permission
    ADD CONSTRAINT auth_permission_pkey PRIMARY KEY (id);


--
-- Name: auth_user_groups auth_user_groups_pkey; Type: CONSTRAINT; Schema: public; Owner: postgres
--

ALTER TABLE ONLY public.auth_user_groups
    ADD CONSTRAINT auth_user_groups_pkey PRIMARY KEY (id);


--
-- Name: auth_user_groups auth_user_groups_user_id_group_id_94350c0c_uniq; Type: CONSTRAINT; Schema: public; Owner: postgres
--

ALTER TABLE ONLY public.auth_user_groups
    ADD CONSTRAINT auth_user_groups_user_id_group_id_94350c0c_uniq UNIQUE (user_id, group_id);


--
-- Name: auth_user auth_user_pkey; Type: CONSTRAINT; Schema: public; Owner: postgres
--

ALTER TABLE ONLY public.auth_user
    ADD CONSTRAINT auth_user_pkey PRIMARY KEY (id);


--
-- Name: auth_user_user_permissions auth_user_user_permissions_pkey; Type: CONSTRAINT; Schema: public; Owner: postgres
--

ALTER TABLE ONLY public.auth_user_user_permissions
    ADD CONSTRAINT auth_user_user_permissions_pkey PRIMARY KEY (id);


--
-- Name: auth_user_user_permissions auth_user_user_permissions_user_id_permission_id_14a6b632_uniq; Type: CONSTRAINT; Schema: public; Owner: postgres
--

ALTER TABLE ONLY public.auth_user_user_permissions
    ADD CONSTRAINT auth_user_user_permissions_user_id_permission_id_14a6b632_uniq UNIQUE (user_id, permission_id);


--
-- Name: auth_user auth_user_username_key; Type: CONSTRAINT; Schema: public; Owner: postgres
--

ALTER TABLE ONLY public.auth_user
    ADD CONSTRAINT auth_user_username_key UNIQUE (username);


--
-- Name: django_admin_log django_admin_log_pkey; Type: CONSTRAINT; Schema: public; Owner: postgres
--

ALTER TABLE ONLY public.django_admin_log
    ADD CONSTRAINT django_admin_log_pkey PRIMARY KEY (id);


--
-- Name: django_content_type django_content_type_app_label_model_76bd3d3b_uniq; Type: CONSTRAINT; Schema: public; Owner: postgres
--

ALTER TABLE ONLY public.django_content_type
    ADD CONSTRAINT django_content_type_app_label_model_76bd3d3b_uniq UNIQUE (app_label, model);


--
-- Name: django_content_type django_content_type_pkey; Type: CONSTRAINT; Schema: public; Owner: postgres
--

ALTER TABLE ONLY public.django_content_type
    ADD CONSTRAINT django_content_type_pkey PRIMARY KEY (id);


--
-- Name: django_migrations django_migrations_pkey; Type: CONSTRAINT; Schema: public; Owner: postgres
--

ALTER TABLE ONLY public.django_migrations
    ADD CONSTRAINT django_migrations_pkey PRIMARY KEY (id);


--
-- Name: django_session django_session_pkey; Type: CONSTRAINT; Schema: public; Owner: postgres
--

ALTER TABLE ONLY public.django_session
    ADD CONSTRAINT django_session_pkey PRIMARY KEY (session_key);


--
-- Name: trivia_app_categoria trivia_app_categoria_pkey; Type: CONSTRAINT; Schema: public; Owner: postgres
--

ALTER TABLE ONLY public.trivia_app_categoria
    ADD CONSTRAINT trivia_app_categoria_pkey PRIMARY KEY (id);


--
-- Name: trivia_app_juego trivia_app_juego_pkey; Type: CONSTRAINT; Schema: public; Owner: postgres
--

ALTER TABLE ONLY public.trivia_app_juego
    ADD CONSTRAINT trivia_app_juego_pkey PRIMARY KEY (id);


--
-- Name: trivia_app_like trivia_app_like_pkey; Type: CONSTRAINT; Schema: public; Owner: postgres
--

ALTER TABLE ONLY public.trivia_app_like
    ADD CONSTRAINT trivia_app_like_pkey PRIMARY KEY (id);


--
-- Name: trivia_app_like trivia_app_like_usuario_id_juego_id_335b4b6d_uniq; Type: CONSTRAINT; Schema: public; Owner: postgres
--

ALTER TABLE ONLY public.trivia_app_like
    ADD CONSTRAINT trivia_app_like_usuario_id_juego_id_335b4b6d_uniq UNIQUE (usuario_id, juego_id);


--
-- Name: trivia_app_pregunta trivia_app_pregunta_pkey; Type: CONSTRAINT; Schema: public; Owner: postgres
--

ALTER TABLE ONLY public.trivia_app_pregunta
    ADD CONSTRAINT trivia_app_pregunta_pkey PRIMARY KEY (id);


--
-- Name: auth_group_name_a6ea08ec_like; Type: INDEX; Schema: public; Owner: postgres
--

CREATE INDEX auth_group_name_a6ea08ec_like ON public.auth_group USING btree (name varchar_pattern_ops);


--
-- Name: auth_group_permissions_group_id_b120cbf9; Type: INDEX; Schema: public; Owner: postgres
--

CREATE INDEX auth_group_permissions_group_id_b120cbf9 ON public.auth_group_permissions USING btree (group_id);


--
-- Name: auth_group_permissions_permission_id_84c5c92e; Type: INDEX; Schema: public; Owner: postgres
--

CREATE INDEX auth_group_permissions_permission_id_84c5c92e ON public.auth_group_permissions USING btree (permission_id);


--
-- Name: auth_permission_content_type_id_2f476e4b; Type: INDEX; Schema: public; Owner: postgres
--

CREATE INDEX auth_permission_content_type_id_2f476e4b ON public.auth_permission USING btree (content_type_id);


--
-- Name: auth_user_groups_group_id_97559544; Type: INDEX; Schema: public; Owner: postgres
--

CREATE INDEX auth_user_groups_group_id_97559544 ON public.auth_user_groups USING btree (group_id);


--
-- Name: auth_user_groups_user_id_6a12ed8b; Type: INDEX; Schema: public; Owner: postgres
--

CREATE INDEX auth_user_groups_user_id_6a12ed8b ON public.auth_user_groups USING btree (user_id);


--
-- Name: auth_user_user_permissions_permission_id_1fbb5f2c; Type: INDEX; Schema: public; Owner: postgres
--

CREATE INDEX auth_user_user_permissions_permission_id_1fbb5f2c ON public.auth_user_user_permissions USING btree (permission_id);


--
-- Name: auth_user_user_permissions_user_id_a95ead1b; Type: INDEX; Schema: public; Owner: postgres
--

CREATE INDEX auth_user_user_permissions_user_id_a95ead1b ON public.auth_user_user_permissions USING btree (user_id);


--
-- Name: auth_user_username_6821ab7c_like; Type: INDEX; Schema: public; Owner: postgres
--

CREATE INDEX auth_user_username_6821ab7c_like ON public.auth_user USING btree (username varchar_pattern_ops);


--
-- Name: django_admin_log_content_type_id_c4bce8eb; Type: INDEX; Schema: public; Owner: postgres
--

CREATE INDEX django_admin_log_content_type_id_c4bce8eb ON public.django_admin_log USING btree (content_type_id);


--
-- Name: django_admin_log_user_id_c564eba6; Type: INDEX; Schema: public; Owner: postgres
--

CREATE INDEX django_admin_log_user_id_c564eba6 ON public.django_admin_log USING btree (user_id);


--
-- Name: django_session_expire_date_a5c62663; Type: INDEX; Schema: public; Owner: postgres
--

CREATE INDEX django_session_expire_date_a5c62663 ON public.django_session USING btree (expire_date);


--
-- Name: django_session_session_key_c0390e0f_like; Type: INDEX; Schema: public; Owner: postgres
--

CREATE INDEX django_session_session_key_c0390e0f_like ON public.django_session USING btree (session_key varchar_pattern_ops);


--
-- Name: trivia_app_juego_usuario_id_a69bab9f; Type: INDEX; Schema: public; Owner: postgres
--

CREATE INDEX trivia_app_juego_usuario_id_a69bab9f ON public.trivia_app_juego USING btree (usuario_id);


--
-- Name: trivia_app_like_juego_id_d82b713c; Type: INDEX; Schema: public; Owner: postgres
--

CREATE INDEX trivia_app_like_juego_id_d82b713c ON public.trivia_app_like USING btree (juego_id);


--
-- Name: trivia_app_like_usuario_id_c45a36c0; Type: INDEX; Schema: public; Owner: postgres
--

CREATE INDEX trivia_app_like_usuario_id_c45a36c0 ON public.trivia_app_like USING btree (usuario_id);


--
-- Name: trivia_app_pregunta_categoria_id_f8d8373a; Type: INDEX; Schema: public; Owner: postgres
--

CREATE INDEX trivia_app_pregunta_categoria_id_f8d8373a ON public.trivia_app_pregunta USING btree (categoria_id);


--
-- Name: auth_group_permissions auth_group_permissio_permission_id_84c5c92e_fk_auth_perm; Type: FK CONSTRAINT; Schema: public; Owner: postgres
--

ALTER TABLE ONLY public.auth_group_permissions
    ADD CONSTRAINT auth_group_permissio_permission_id_84c5c92e_fk_auth_perm FOREIGN KEY (permission_id) REFERENCES public.auth_permission(id) DEFERRABLE INITIALLY DEFERRED;


--
-- Name: auth_group_permissions auth_group_permissions_group_id_b120cbf9_fk_auth_group_id; Type: FK CONSTRAINT; Schema: public; Owner: postgres
--

ALTER TABLE ONLY public.auth_group_permissions
    ADD CONSTRAINT auth_group_permissions_group_id_b120cbf9_fk_auth_group_id FOREIGN KEY (group_id) REFERENCES public.auth_group(id) DEFERRABLE INITIALLY DEFERRED;


--
-- Name: auth_permission auth_permission_content_type_id_2f476e4b_fk_django_co; Type: FK CONSTRAINT; Schema: public; Owner: postgres
--

ALTER TABLE ONLY public.auth_permission
    ADD CONSTRAINT auth_permission_content_type_id_2f476e4b_fk_django_co FOREIGN KEY (content_type_id) REFERENCES public.django_content_type(id) DEFERRABLE INITIALLY DEFERRED;


--
-- Name: auth_user_groups auth_user_groups_group_id_97559544_fk_auth_group_id; Type: FK CONSTRAINT; Schema: public; Owner: postgres
--

ALTER TABLE ONLY public.auth_user_groups
    ADD CONSTRAINT auth_user_groups_group_id_97559544_fk_auth_group_id FOREIGN KEY (group_id) REFERENCES public.auth_group(id) DEFERRABLE INITIALLY DEFERRED;


--
-- Name: auth_user_groups auth_user_groups_user_id_6a12ed8b_fk_auth_user_id; Type: FK CONSTRAINT; Schema: public; Owner: postgres
--

ALTER TABLE ONLY public.auth_user_groups
    ADD CONSTRAINT auth_user_groups_user_id_6a12ed8b_fk_auth_user_id FOREIGN KEY (user_id) REFERENCES public.auth_user(id) DEFERRABLE INITIALLY DEFERRED;


--
-- Name: auth_user_user_permissions auth_user_user_permi_permission_id_1fbb5f2c_fk_auth_perm; Type: FK CONSTRAINT; Schema: public; Owner: postgres
--

ALTER TABLE ONLY public.auth_user_user_permissions
    ADD CONSTRAINT auth_user_user_permi_permission_id_1fbb5f2c_fk_auth_perm FOREIGN KEY (permission_id) REFERENCES public.auth_permission(id) DEFERRABLE INITIALLY DEFERRED;


--
-- Name: auth_user_user_permissions auth_user_user_permissions_user_id_a95ead1b_fk_auth_user_id; Type: FK CONSTRAINT; Schema: public; Owner: postgres
--

ALTER TABLE ONLY public.auth_user_user_permissions
    ADD CONSTRAINT auth_user_user_permissions_user_id_a95ead1b_fk_auth_user_id FOREIGN KEY (user_id) REFERENCES public.auth_user(id) DEFERRABLE INITIALLY DEFERRED;


--
-- Name: django_admin_log django_admin_log_content_type_id_c4bce8eb_fk_django_co; Type: FK CONSTRAINT; Schema: public; Owner: postgres
--

ALTER TABLE ONLY public.django_admin_log
    ADD CONSTRAINT django_admin_log_content_type_id_c4bce8eb_fk_django_co FOREIGN KEY (content_type_id) REFERENCES public.django_content_type(id) DEFERRABLE INITIALLY DEFERRED;


--
-- Name: django_admin_log django_admin_log_user_id_c564eba6_fk_auth_user_id; Type: FK CONSTRAINT; Schema: public; Owner: postgres
--

ALTER TABLE ONLY public.django_admin_log
    ADD CONSTRAINT django_admin_log_user_id_c564eba6_fk_auth_user_id FOREIGN KEY (user_id) REFERENCES public.auth_user(id) DEFERRABLE INITIALLY DEFERRED;


--
-- Name: trivia_app_juego trivia_app_juego_usuario_id_a69bab9f_fk_auth_user_id; Type: FK CONSTRAINT; Schema: public; Owner: postgres
--

ALTER TABLE ONLY public.trivia_app_juego
    ADD CONSTRAINT trivia_app_juego_usuario_id_a69bab9f_fk_auth_user_id FOREIGN KEY (usuario_id) REFERENCES public.auth_user(id) DEFERRABLE INITIALLY DEFERRED;


--
-- Name: trivia_app_like trivia_app_like_juego_id_d82b713c_fk_trivia_app_juego_id; Type: FK CONSTRAINT; Schema: public; Owner: postgres
--

ALTER TABLE ONLY public.trivia_app_like
    ADD CONSTRAINT trivia_app_like_juego_id_d82b713c_fk_trivia_app_juego_id FOREIGN KEY (juego_id) REFERENCES public.trivia_app_juego(id) DEFERRABLE INITIALLY DEFERRED;


--
-- Name: trivia_app_like trivia_app_like_usuario_id_c45a36c0_fk_auth_user_id; Type: FK CONSTRAINT; Schema: public; Owner: postgres
--

ALTER TABLE ONLY public.trivia_app_like
    ADD CONSTRAINT trivia_app_like_usuario_id_c45a36c0_fk_auth_user_id FOREIGN KEY (usuario_id) REFERENCES public.auth_user(id) DEFERRABLE INITIALLY DEFERRED;


--
-- Name: trivia_app_pregunta trivia_app_pregunta_categoria_id_f8d8373a_fk_trivia_ap; Type: FK CONSTRAINT; Schema: public; Owner: postgres
--

ALTER TABLE ONLY public.trivia_app_pregunta
    ADD CONSTRAINT trivia_app_pregunta_categoria_id_f8d8373a_fk_trivia_ap FOREIGN KEY (categoria_id) REFERENCES public.trivia_app_categoria(id) DEFERRABLE INITIALLY DEFERRED;


--
-- PostgreSQL database dump complete
--

